"File","Description","Length"
"index-complete.html","Looking for a lawyer in Karachi? MR Law Associates offers expert legal services in civil, family & corporate law. Advocate High Court. 500+ cases won. Call 0333-0677747 for free consultation.","191"
"index.html","Looking for a lawyer in Karachi? MR Law Associates offers expert legal services in civil, family & corporate law. Advocate High Court. 500+ cases won. Call 0336 3120798.","169"
"sitemap.html","Complete HTML sitemap for MR Law Associates. Find all pages, legal services, practice areas, and resources organized for easy navigation.","137"
"about\index.html","Learn about Advocate Reema Jawed, Advocate High Court in Karachi leading MR Law Associates. 14+ years experience in civil, family law & corporate registration.","159"
"blog\index.html","Expert legal articles on Pakistani law by Advocate High Court Reema Jawed. Read insights on family law, property disputes, criminal defense, bail, court marriage, and NADRA documentation in Karachi.","198"
"blog\post-template.html","{{POST_META_DESCRIPTION}}","25"
"blog\posts\bail-application-pakistan.html","Expert guide to bail application Pakistan. Learn types of bail, legal procedure, factors courts consider, rejection reasons & how to secure release from custody.","161"
"blog\posts\child-custody-laws-pakistan.html","Complete guide to child custody laws Pakistan. Understand guardianship laws, Hizanat rights, welfare principle, visitation rights, and custody modification procedures.","167"
"blog\posts\company-registration-pakistan.html","Complete guide to company registration Pakistan 2025. Learn SECP process, required documents, types of companies, timelines, and compliance requirements.","153"
"blog\posts\court-marriage-process-karachi.html","Step-by-step guide to court marriage process Karachi 2025. Learn documents required, legal procedure, timeline, costs & requirements under Pakistani law.","153"
"blog\posts\divorce-procedure-pakistan.html","Complete guide to divorce procedure Pakistan. Understand Talaq, Khula, legal requirements, notice procedures, Iddat period, and maintenance rights.","147"
"blog\posts\fir-registration-defense.html","FIR registered against you? Learn immediate legal steps for FIR registration Pakistan defense, bail options, quashing procedures, and how to protect your rights.","161"
"blog\posts\how-to-file-khula-pakistan.html","Complete guide on how to file khula Pakistan. Learn grounds for Khula, legal procedure, required documents, timeline, and rights of Muslim women seeking divorce.","161"
"blog\posts\legal-notice-importance.html","Understand legal notice importance before litigation in Pakistan. When required, proper format, response time, consequences of not sending, and strategic benefits.","163"
"blog\posts\nadra-documentation-guide.html","Complete NADRA documentation guide. Learn name correction, birth registration, CNIC amendments, B-form, and when court orders are required for NADRA issues.","156"
"blog\posts\property-dispute-resolution-karachi.html","Expert guide to property dispute resolution Karachi. Learn about types of disputes, legal remedies, stay orders, partition suits, and how to protect your property rights.","170"
"contact\index.html","Contact Advocate Reema Jawed at MR Law Associates for legal consultation in Karachi. Call 0333-0677747, WhatsApp 24/7, or visit our office near City Court.","155"
"faq\index.html","Get answers to 60+ common legal questions about Khula, divorce, court marriage, property disputes, child custody in Pakistan. Expert legal advice from Advocate High Court.","171"
"location\clifton-dha.html","Looking for a lawyer in Clifton DHA Karachi? Expert legal services for civil, family, criminal cases. Free consultation. Call 0336 3120798.","139"
"location\defence.html","Looking for a lawyer in Defence Karachi? Expert legal services for civil, family, criminal cases. Free consultation. Call 0336 3120798.","135"
"location\gulberg.html","Looking for a lawyer in Gulberg Karachi? Expert legal services for civil, family, criminal cases. Free consultation. Call 0336 3120798.","135"
"location\gulshan-johar.html","Looking for a lawyer in Gulshan Johar Karachi? Expert legal services for civil, family, criminal cases. Free consultation. Call 0336 3120798.","141"
"location\index.html","Looking for a lawyer in Karachi? Find expert legal services in Clifton, DHA, Gulshan, Malir, Saddar, and all major areas of Karachi. Advocate High Court Reema Jawed. Free consultation. Call 0336 3120798.","203"
"location\keamari.html","Looking for a lawyer in Keamari Karachi? Expert legal services for civil, family, criminal cases. Free consultation. Call 0336 3120798.","135"
"location\korangi.html","Looking for a lawyer in Korangi Karachi? Expert legal services for civil, family, criminal cases. Free consultation. Call 0336 3120798.","135"
"location\lyari.html","Looking for a lawyer in Lyari Karachi? Expert legal services for civil, family, criminal cases. Free consultation. Call 0336 3120798.","133"
"location\malir.html","Looking for a lawyer in Malir Karachi? Expert legal services for civil, family, criminal cases. Free consultation. Call 0336 3120798.","133"
"location\nazimabad.html","Looking for a lawyer in Nazimabad Karachi? Expert legal services for civil, family, criminal cases. Free consultation. Call 0336 3120798.","137"
"location\orangi.html","Looking for a lawyer in Orangi Karachi? Expert legal services for civil, family, criminal cases. Free consultation. Call 0336 3120798.","134"
"location\pechs.html","Looking for a lawyer in PECHS Karachi? Expert legal services for civil, family, criminal cases. Free consultation. Call 0336 3120798.","133"
"location\saddar.html","Looking for a lawyer in Saddar Karachi? Expert legal services for civil, family, criminal cases. Free consultation. Call 0336 3120798.","134"
"privacy\index.html","Privacy Policy of MR Law Associates. Learn how we collect, use, and protect your personal information when you use our legal services in Karachi, Pakistan.","155"
"reviews\index.html","Read 123+ verified client reviews for MR Law Associates Karachi. Rated 4.9/5 stars. Real testimonials for family law, court marriage, property disputes & criminal cases.","169"
"services\index.html","Expert legal services in Karachi: civil litigation, family law, corporate registration, property disputes, criminal defense & NADRA documentation. Free consultation.","165"
"services\bail-application\index.html","Expert bail lawyer in Karachi. Pre-arrest bail, post-arrest bail & bail cancellation under Section 497/498 CrPC. 24/7 emergency bail service. Call 0336-3120798.","160"
"services\birth-certificate\index.html","Expert birth certificate lawyer in Karachi. NADRA CRC registration, late birth registration & Union Council correction. Advocate Reema Jawed. Call 0336-3120798.","160"
"services\cheque-bounce-case\index.html","Expert cheque bounce lawyer in Karachi. Section 489F cases, dishonored cheque recovery & criminal prosecution. Advocate Reema Jawed. Call 0336-3120798.","151"
"services\child-custody-lawyer\index.html","Expert child custody lawyer in Karachi. Protect your Hizanat rights & visitation. Aggressive custody litigation in Karachi Family Courts. Call 0336-3120798.","156"
"services\civil-suit\index.html","Expert civil lawyer in Karachi. Recovery suits, declaration suits, injunctions & property disputes. Advocate Reema Jawed. Free consultation. Call 0336-3120798.","159"
"services\company-registration\index.html","Expert company registration lawyer in Karachi. SECP company formation, Private Limited, Partnership & trademark registration. Advocate Reema Jawed. Call 0336-3120798.","166"
"services\court-marriage-lawyer\index.html","Expert court marriage lawyer in Karachi. Same-day Nikah registration, NADRA certificate & legal protection. Confidential service. Call 0336-3120798.","148"
"services\criminal-case-fir\index.html","Expert criminal lawyer in Karachi. FIR filing, bail applications, criminal defense & trial representation. Advocate Reema Jawed. 24/7 emergency. Call 0336-3120798.","163"
"services\death-certificate\index.html","Expert death certificate lawyer in Karachi. NADRA death registration, Union Council procedures & succession documentation. Advocate Reema Jawed. Call 0336-3120798.","163"
"services\divorce-custody-case\index.html","Expert divorce lawyer in Karachi. Professional khula, talaq, child custody & maintenance representation. Advocate Reema Jawed. Call 0336-3120798.","145"
"services\dower-haq-mehr-recovery\index.html","Expert dower recovery lawyer in Karachi. Recover unpaid Haq Mehr (Prompt & Deferred) through Family Courts. Asset attachment against defaulters. Call 0336-3120798.","163"
"services\dowry-articles-recovery\index.html","Expert dowry recovery lawyer in Karachi. Recover Saman-e-Jahez, bridal gifts & gold through Family Courts. Aggressive litigation for dowry articles. Call 0336-3120798.","167"
"services\family-lawyer\index.html","Expert family lawyer in Karachi for divorce, khula, child custody, maintenance & dower recovery. Advocate Reema Jawed. Free consultation. Call 0336-3120798.","156"
"services\fbr-tax-return-filing\index.html","Expert tax lawyer in Karachi. FBR tax return filing, NTN registration & sales tax compliance. Advocate Reema Jawed. Year-round tax support. Call 0336-3120798.","158"
"services\guardianship-certificate-lawyer\index.html","Expert guardianship lawyer in Karachi. Obtain Guardianship Certificates under Guardian & Wards Act 1890. Manage minor property, banking & travel. Call 0336-3120798.","164"
"services\karachi-board-certificates\index.html","Expert board certificate lawyer in Karachi. BIEK & BSEK attestation, duplicate certificates & degree verification. Advocate Reema Jawed. Call 0336-3120798.","155"
"services\khula-procedure\index.html","Expert khula lawyer in Karachi. Fast-track khula procedure in Pakistan Family Courts. Wife-initiated divorce without husband's consent. Call 0336-3120798.","154"
"services\labor-law\index.html","Expert labor lawyer in Karachi for employment disputes, wrongful termination, worker compensation, factory disputes & labor court representation. Advocate High Court. Call 0336-3120798.","185"
"services\lost-matric-inter-documents\index.html","Expert duplicate certificate lawyer in Karachi. Lost matric/inter documents, BIEK/BSEK duplicates & board verification. Advocate Reema Jawed. Call 0336-3120798.","160"
"services\maintenance-alimony-lawyer\index.html","Expert maintenance lawyer in Karachi. Aggressive litigation for wife & child support (Kharcha). Enforce maintenance decrees & recover arrears. Call 0336-3120798.","161"
"services\marriage-certificate\index.html","Expert marriage certificate lawyer in Karachi. NADRA marriage certificates, Nikah Nama registration & court marriage. Spouse visa documentation. Call 0336-3120798.","163"
"services\ntn-registration\index.html","Expert NTN registration lawyer in Karachi. FBR National Tax Number, sales tax & withholding tax registration. Advocate Reema Jawed. Call 0336-3120798.","150"
"services\partition-suit\index.html","Expert partition suit lawyer in Karachi. Property partition, inheritance disputes & family property division. Advocate Reema Jawed. Free consultation. Call 0336-3120798.","169"
"services\property-dispute-case\index.html","Expert property lawyer in Karachi. Land disputes, title verification, tenant eviction & encroachment cases. Advocate Reema Jawed. Call 0336-3120798.","148"
"services\restitution-conjugal-rights\index.html","Expert conjugal rights lawyer in Karachi. Defense against restitution suits (Ada-e-Haqooq-e-Zaojiyat). Strategic family court representation. Call 0336-3120798.","160"
"services\succession-case\index.html","Expert succession certificate lawyer in Karachi. Succession certificates, letter of administration & inheritance claims. Advocate Reema Jawed. Call 0336-3120798.","161"
"services\university-degrees-verification\index.html","Expert degree verification lawyer in Karachi. HEC attestation, foreign ministry & embassy legalization. Advocate Reema Jawed. Call 0336-3120798.","144"
"terms\index.html","Terms of Service for MR Law Associates website. Read our legal disclaimer, terms of use, intellectual property rights, and limitations of liability before using our services.","174"
